node_id,node_index,container_name,container_id,container_status
SAT-POLAR-001,1,erv300_r_1,9ef4d95d9dff,Up 2 hours
SAT-POLAR-002,2,erv300_r_2,c42d12bffb1b,Up 2 hours
SAT-POLAR-003,3,erv300_r_3,bcfae175f353,Up 2 hours
SAT-POLAR-004,4,erv300_r_4,f78b72186cc6,Up 2 hours
SAT-POLAR-005,5,erv300_r_5,e5e2a427d7fb,Up 2 hours
SAT-POLAR-006,6,erv300_r_6,c21ac31f5cef,Up 2 hours
SAT-POLAR-007,7,erv300_r_7,cb073a771d36,Up 2 hours
SAT-POLAR-008,8,erv300_r_8,b7f5119c590c,Up 2 hours
SAT-POLAR-009,9,erv300_r_9,37b05c3d31a5,Up 2 hours
SAT-POLAR-010,10,erv300_r_10,f9da8bacf444,Up 2 hours
SAT-POLAR-011,11,erv300_r_11,d46944558330,Up 2 hours
SAT-POLAR-012,12,erv300_r_12,5f779c39dbda,Up 2 hours
SAT-POLAR-013,13,erv300_r_13,3796542eeebb,Up 2 hours
SAT-POLAR-014,14,erv300_r_14,f657b4d456b2,Up 2 hours
SAT-POLAR-015,15,erv300_r_15,d8bebe55ac4d,Up 2 hours
SAT-POLAR-016,16,erv300_r_16,1a6d8bdf7964,Up 2 hours
SAT-POLAR-017,17,erv300_r_17,567b9b5bec46,Up 2 hours
SAT-POLAR-018,18,erv300_r_18,e342c32f89c7,Up 2 hours
SAT-POLAR-019,19,erv300_r_19,47db6960d6ab,Up 2 hours
SAT-POLAR-020,20,erv300_r_20,3a841c5ed8c6,Up 2 hours
SAT-POLAR-021,21,erv300_r_21,84b4d576f929,Up 2 hours
SAT-POLAR-022,22,erv300_r_22,fd1d722b32ab,Up 2 hours
SAT-POLAR-023,23,erv300_r_23,4906a839e29f,Up 2 hours
SAT-POLAR-024,24,erv300_r_24,8725f4f43f7d,Up 2 hours
SAT-POLAR-025,25,erv300_r_25,f3ea9f605742,Up 2 hours
SAT-POLAR-026,26,erv300_r_26,8cd3dcb72b61,Up 2 hours
SAT-POLAR-027,27,erv300_r_27,5530b42f78fd,Up 2 hours
SAT-POLAR-028,28,erv300_r_28,c1e74242e67c,Up 2 hours
SAT-POLAR-029,29,erv300_r_29,faeef08f7ea0,Up 2 hours
SAT-POLAR-030,30,erv300_r_30,375ae7c68516,Up 2 hours
SAT-POLAR-031,31,erv300_r_31,3660cb2a0cda,Up 2 hours
SAT-POLAR-032,32,erv300_r_32,dff944877508,Up 2 hours
SAT-POLAR-033,33,erv300_r_33,d21c9c61ab07,Up 2 hours
SAT-POLAR-034,34,erv300_r_34,23a4ec3d71a7,Up 2 hours
SAT-POLAR-035,35,erv300_r_35,8fd71aeb7ed8,Up 2 hours
SAT-POLAR-036,36,erv300_r_36,12e5c514a11c,Up 2 hours
SAT-POLAR-037,37,erv300_r_37,ea539f22adea,Up 2 hours
SAT-POLAR-038,38,erv300_r_38,19b4407e1447,Up 2 hours
SAT-POLAR-039,39,erv300_r_39,a4da58cf45ec,Up 2 hours
SAT-POLAR-040,40,erv300_r_40,f4c41d84bd75,Up 2 hours
SAT-POLAR-041,41,erv300_r_41,c53e8898715a,Up 2 hours
SAT-POLAR-042,42,erv300_r_42,1248c5c2c3ea,Up 2 hours
SAT-POLAR-043,43,erv300_r_43,df0ca8812968,Up 2 hours
SAT-POLAR-044,44,erv300_r_44,82abdb19b3ae,Up 2 hours
SAT-POLAR-045,45,erv300_r_45,eee4d3c738ae,Up 2 hours
SAT-POLAR-046,46,erv300_r_46,09e6a6c79543,Up 2 hours
SAT-POLAR-047,47,erv300_r_47,43af502d8801,Up 2 hours
SAT-POLAR-048,48,erv300_r_48,ac5c18c6ebbd,Up 2 hours
SAT-POLAR-049,49,erv300_r_49,899ccf91cb88,Up 2 hours
SAT-POLAR-050,50,erv300_r_50,9b9b26619df5,Up 2 hours
SAT-POLAR-051,51,erv300_r_51,8b3ee8022af7,Up 2 hours
SAT-POLAR-052,52,erv300_r_52,31354aa23362,Up 2 hours
SAT-POLAR-053,53,erv300_r_53,0d905c8c108e,Up 2 hours
SAT-POLAR-054,54,erv300_r_54,c7634116c845,Up 2 hours
SAT-POLAR-055,55,erv300_r_55,44d166fc7133,Up 2 hours
SAT-POLAR-056,56,erv300_r_56,068626d9d473,Up 2 hours
SAT-POLAR-057,57,erv300_r_57,8314bb52ec71,Up 2 hours
SAT-POLAR-058,58,erv300_r_58,ef0796b3066c,Up 2 hours
SAT-POLAR-059,59,erv300_r_59,242723a01c38,Up 2 hours
SAT-POLAR-060,60,erv300_r_60,c865a03c0855,Up 2 hours
SAT-POLAR-061,61,erv300_r_61,0f990b4b43d6,Up 2 hours
SAT-POLAR-062,62,erv300_r_62,9182eca19283,Up 2 hours
SAT-POLAR-063,63,erv300_r_63,6887141cf0fc,Up 2 hours
SAT-POLAR-064,64,erv300_r_64,cbf323ab8dfb,Up 2 hours
SAT-POLAR-065,65,erv300_r_65,5f5184259d0c,Up 2 hours
SAT-POLAR-066,66,erv300_r_66,78bdea60e1f5,Up 2 hours
SAT-POLAR-067,67,erv300_r_67,5bf83b871c50,Up 2 hours
SAT-POLAR-068,68,erv300_r_68,129c00ba02f9,Up 2 hours
SAT-POLAR-069,69,erv300_r_69,fece8f8bcaa5,Up 2 hours
SAT-POLAR-070,70,erv300_r_70,1773812a48d7,Up 2 hours
SAT-POLAR-071,71,erv300_r_71,c854bf3a061a,Up 2 hours
SAT-POLAR-072,72,erv300_r_72,9d096beb4eba,Up 2 hours
SAT-POLAR-073,73,erv300_r_73,2638c2344c62,Up 2 hours
SAT-POLAR-074,74,erv300_r_74,6b8428e16c3f,Up 2 hours
SAT-POLAR-075,75,erv300_r_75,9d9d40148e92,Up 2 hours
SAT-POLAR-076,76,erv300_r_76,25edb34e55db,Up 2 hours
SAT-POLAR-077,77,erv300_r_77,3709b1657ef2,Up 2 hours
SAT-POLAR-078,78,erv300_r_78,e6617d9107a7,Up 2 hours
SAT-POLAR-079,79,erv300_r_79,8050321e0df1,Up 2 hours
SAT-POLAR-080,80,erv300_r_80,230e6c1c9777,Up 2 hours
SAT-POLAR-081,81,erv300_r_81,e70d4cbc1a64,Up 2 hours
SAT-POLAR-082,82,erv300_r_82,d54d6cfc0555,Up 2 hours
SAT-POLAR-083,83,erv300_r_83,c5248f3f4550,Up 2 hours
SAT-POLAR-084,84,erv300_r_84,8991637f914b,Up 2 hours
SAT-POLAR-085,85,erv300_r_85,b48954bd064e,Up 2 hours
SAT-POLAR-086,86,erv300_r_86,64299679c533,Up 2 hours
SAT-POLAR-087,87,erv300_r_87,4fcc065172a1,Up 2 hours
SAT-POLAR-088,88,erv300_r_88,9028e1f32b53,Up 2 hours
SAT-POLAR-089,89,erv300_r_89,60104f695bfb,Up 2 hours
SAT-POLAR-090,90,erv300_r_90,9445a32efbe3,Up 2 hours
SAT-POLAR-091,91,erv300_r_91,a72ed5d774de,Up 2 hours
SAT-POLAR-092,92,erv300_r_92,e67af2c3acca,Up 2 hours
SAT-POLAR-093,93,erv300_r_93,9eb41071e0ad,Up 2 hours
SAT-POLAR-094,94,erv300_r_94,bf30e4328a94,Up 2 hours
SAT-POLAR-095,95,erv300_r_95,29703708e786,Up 2 hours
SAT-POLAR-096,96,erv300_r_96,c2d9e38f3a5c,Up 2 hours
SAT-POLAR-097,97,erv300_r_97,b612a55e80df,Up 2 hours
SAT-POLAR-098,98,erv300_r_98,21e15372c1a7,Up 2 hours
SAT-POLAR-099,99,erv300_r_99,ec938d5f7701,Up 2 hours
SAT-POLAR-100,100,erv300_r_100,eed249ace694,Up 2 hours
SAT-INCL-001,101,erv300_r_101,cd90b6ab143b,Up 2 hours
SAT-INCL-002,102,erv300_r_102,e0892b3bd3e4,Up 2 hours
SAT-INCL-003,103,erv300_r_103,4f9fe6e00342,Up 2 hours
SAT-INCL-004,104,erv300_r_104,d754575e7934,Up 2 hours
SAT-INCL-005,105,erv300_r_105,3bfb7d5106cd,Up 2 hours
SAT-INCL-006,106,erv300_r_106,5d1068381729,Up 2 hours
SAT-INCL-007,107,erv300_r_107,76c30bac460e,Up 2 hours
SAT-INCL-008,108,erv300_r_108,ab7176723905,Up 2 hours
SAT-INCL-009,109,erv300_r_109,a53a2f4a5aee,Up 2 hours
SAT-INCL-010,110,erv300_r_110,ddd3d1d5219c,Up 2 hours
SAT-INCL-011,111,erv300_r_111,979925a009ec,Up 2 hours
SAT-INCL-012,112,erv300_r_112,4d7587d2f1c6,Up 2 hours
SAT-INCL-013,113,erv300_r_113,974ad7570f7b,Up 2 hours
SAT-INCL-014,114,erv300_r_114,40eb330d98ff,Up 2 hours
SAT-INCL-015,115,erv300_r_115,a75c926a491e,Up 2 hours
SAT-INCL-016,116,erv300_r_116,edaef3de8c06,Up 2 hours
SAT-INCL-017,117,erv300_r_117,b14d2538d80b,Up 2 hours
SAT-INCL-018,118,erv300_r_118,9a3cb18a103c,Up 2 hours
SAT-INCL-019,119,erv300_r_119,2b92dc1f75dc,Up 2 hours
SAT-INCL-020,120,erv300_r_120,2c4dcd233cb4,Up 2 hours
SAT-INCL-021,121,erv300_r_121,0a144044bc88,Up 2 hours
SAT-INCL-022,122,erv300_r_122,27532fc38260,Up 2 hours
SAT-INCL-023,123,erv300_r_123,45649f6c49dc,Up 2 hours
SAT-INCL-024,124,erv300_r_124,136462dd6d0d,Up 2 hours
SAT-INCL-025,125,erv300_r_125,2b90a30461f6,Up 2 hours
SAT-INCL-026,126,erv300_r_126,7024993e5c05,Up 2 hours
SAT-INCL-027,127,erv300_r_127,752a2fc0d135,Up 2 hours
SAT-INCL-028,128,erv300_r_128,d5f62c9b6ebc,Up 2 hours
SAT-INCL-029,129,erv300_r_129,c7a49cf008fe,Up 2 hours
SAT-INCL-030,130,erv300_r_130,a075e86412dd,Up About an hour
SAT-INCL-031,131,erv300_r_131,c79742666639,Up About an hour
SAT-INCL-032,132,erv300_r_132,9118c7a243e3,Up About an hour
SAT-INCL-033,133,erv300_r_133,32ba711cf8c4,Up About an hour
SAT-INCL-034,134,erv300_r_134,f176369ba995,Up About an hour
SAT-INCL-035,135,erv300_r_135,b9d9f466c515,Up About an hour
SAT-INCL-036,136,erv300_r_136,86a40b79850b,Up About an hour
SAT-INCL-037,137,erv300_r_137,e66d7701fd46,Up About an hour
SAT-INCL-038,138,erv300_r_138,a82563902e19,Up About an hour
SAT-INCL-039,139,erv300_r_139,7a0c9c89e2a8,Up About an hour
SAT-INCL-040,140,erv300_r_140,9ee97e9afeca,Up About an hour
SAT-INCL-041,141,erv300_r_141,eafc9400dc5e,Up About an hour
SAT-INCL-042,142,erv300_r_142,ae22f65886da,Up About an hour
SAT-INCL-043,143,erv300_r_143,4c2c28692195,Up About an hour
SAT-INCL-044,144,erv300_r_144,637ace82d3be,Up About an hour
SAT-INCL-045,145,erv300_r_145,ea693d8c785d,Up About an hour
SAT-INCL-046,146,erv300_r_146,a2e288b83c66,Up About an hour
SAT-INCL-047,147,erv300_r_147,59d4e8bd9394,Up About an hour
SAT-INCL-048,148,erv300_r_148,20c9b0cc66bc,Up About an hour
SAT-INCL-049,149,erv300_r_149,7b7a2fb9f980,Up About an hour
SAT-INCL-050,150,erv300_r_150,05cc6cd297be,Up About an hour
SAT-INCL-051,151,erv300_r_151,6f1acb3cffb4,Up About an hour
SAT-INCL-052,152,erv300_r_152,82cea294c95f,Up About an hour
SAT-INCL-053,153,erv300_r_153,d874f66f7d43,Up About an hour
SAT-INCL-054,154,erv300_r_154,512869d196e2,Up About an hour
SAT-INCL-055,155,erv300_r_155,a75f3a947201,Up About an hour
SAT-INCL-056,156,erv300_r_156,e0957ac07e18,Up About an hour
SAT-INCL-057,157,erv300_r_157,633dae00f985,Up About an hour
SAT-INCL-058,158,erv300_r_158,768ad8e6a660,Up About an hour
SAT-INCL-059,159,erv300_r_159,4f9ac2b0694d,Up About an hour
SAT-INCL-060,160,erv300_r_160,b62156191bf2,Up About an hour
SAT-INCL-061,161,erv300_r_161,abd833a28d3b,Up About an hour
SAT-INCL-062,162,erv300_r_162,2e1229455933,Up About an hour
SAT-INCL-063,163,erv300_r_163,61371ddc3a58,Up About an hour
SAT-INCL-064,164,erv300_r_164,ffa44c763ccf,Up About an hour
SAT-INCL-065,165,erv300_r_165,17ab117efb79,Up About an hour
SAT-INCL-066,166,erv300_r_166,09a8e97e2ba3,Up About an hour
SAT-INCL-067,167,erv300_r_167,4ca4e12c0266,Up About an hour
SAT-INCL-068,168,erv300_r_168,6a3ea67233cb,Up About an hour
SAT-INCL-069,169,erv300_r_169,bfac25eb990e,Up About an hour
SAT-INCL-070,170,erv300_r_170,b7573cc2fe23,Up About an hour
SAT-INCL-071,171,erv300_r_171,83e390dd44f1,Up About an hour
SAT-INCL-072,172,erv300_r_172,9314b86d4736,Up About an hour
SAT-INCL-073,173,erv300_r_173,c076780187c8,Up About an hour
SAT-INCL-074,174,erv300_r_174,4faa4f9c8723,Up About an hour
SAT-INCL-075,175,erv300_r_175,f8171d21da59,Up About an hour
SAT-INCL-076,176,erv300_r_176,364a7aacc255,Up About an hour
SAT-INCL-077,177,erv300_r_177,b2c6ad3cf39d,Up About an hour
SAT-INCL-078,178,erv300_r_178,79d472442eab,Up About an hour
SAT-INCL-079,179,erv300_r_179,aec6cd16c9dd,Up About an hour
SAT-INCL-080,180,erv300_r_180,2e1fe93425ab,Up About an hour
SAT-INCL-081,181,erv300_r_181,ea3b5f8d6411,Up About an hour
SAT-INCL-082,182,erv300_r_182,a62d52e0f5d9,Up About an hour
SAT-INCL-083,183,erv300_r_183,f24611e5cab3,Up About an hour
SAT-INCL-084,184,erv300_r_184,7d9fcb80eb23,Up About an hour
SAT-INCL-085,185,erv300_r_185,6b60a40c4de0,Up About an hour
SAT-INCL-086,186,erv300_r_186,f5291c9c78e3,Up About an hour
SAT-INCL-087,187,erv300_r_187,3897b30ec039,Up About an hour
SAT-INCL-088,188,erv300_r_188,31f0d58b44f1,Up About an hour
SAT-INCL-089,189,erv300_r_189,1259e2fd8aeb,Up About an hour
SAT-INCL-090,190,erv300_r_190,89e535c58efc,Up About an hour
SAT-INCL-091,191,erv300_r_191,8bbcf56f911b,Up About an hour
SAT-INCL-092,192,erv300_r_192,c837cb3a2493,Up About an hour
SAT-INCL-093,193,erv300_r_193,fa372e5a7272,Up About an hour
SAT-INCL-094,194,erv300_r_194,eee1fda1be7f,Up About an hour
SAT-INCL-095,195,erv300_r_195,1930519def4b,Up About an hour
SAT-INCL-096,196,erv300_r_196,c10d47ca1301,Up About an hour
SAT-INCL-097,197,erv300_r_197,b4c0213bf35e,Up About an hour
SAT-INCL-098,198,erv300_r_198,86e7fcbf0cf3,Up About an hour
SAT-INCL-099,199,erv300_r_199,1132dcd77296,Up About an hour
SAT-INCL-100,200,erv300_r_200,333493f0af1c,Up About an hour
AIR-001,201,erv300_r_201,79bfff8022d8,Up About an hour
AIR-002,202,erv300_r_202,ef59cf226b59,Up About an hour
AIR-003,203,erv300_r_203,69a875644788,Up About an hour
AIR-004,204,erv300_r_204,1811367a9acb,Up About an hour
AIR-005,205,erv300_r_205,b92d306ea569,Up About an hour
AIR-006,206,erv300_r_206,acd8bac6fa78,Up About an hour
AIR-007,207,erv300_r_207,63ccad6719de,Up About an hour
AIR-008,208,erv300_r_208,dc0294da1e27,Up About an hour
AIR-009,209,erv300_r_209,25283840a9dd,Up About an hour
AIR-010,210,erv300_r_210,50689ca107b0,Up About an hour
AIR-011,211,erv300_r_211,d32d2f564f30,Up About an hour
AIR-012,212,erv300_r_212,12e634ab94e5,Up About an hour
AIR-013,213,erv300_r_213,15797675014d,Up About an hour
AIR-014,214,erv300_r_214,a56faccffecc,Up About an hour
AIR-015,215,erv300_r_215,8b398879a42d,Up About an hour
AIR-016,216,erv300_r_216,7f0fb9794dd0,Up About an hour
AIR-017,217,erv300_r_217,f2eb7f6fdc8b,Up About an hour
AIR-018,218,erv300_r_218,068beb2402b1,Up About an hour
AIR-019,219,erv300_r_219,446877c06233,Up About an hour
AIR-020,220,erv300_r_220,622b69655c06,Up About an hour
AIR-021,221,erv300_r_221,2814d9918c2e,Up About an hour
AIR-022,222,erv300_r_222,bf4505c1ebfd,Up About an hour
AIR-023,223,erv300_r_223,f5e877b4c765,Up About an hour
AIR-024,224,erv300_r_224,3f178c65f5ce,Up About an hour
AIR-025,225,erv300_r_225,0bea58c54e33,Up About an hour
AIR-026,226,erv300_r_226,d46a62ab24f9,Up About an hour
AIR-027,227,erv300_r_227,da6aa5583322,Up About an hour
AIR-028,228,erv300_r_228,b6328fd67676,Up About an hour
AIR-029,229,erv300_r_229,d4f5eeab99d0,Up About an hour
AIR-030,230,erv300_r_230,4617991d830b,Up About an hour
AIR-031,231,erv300_r_231,4e956292b0a4,Up About an hour
AIR-032,232,erv300_r_232,9324211dfa41,Up About an hour
AIR-033,233,erv300_r_233,5121f15ac6fd,Up About an hour
AIR-034,234,erv300_r_234,c1192a911920,Up About an hour
AIR-035,235,erv300_r_235,956cabaf3c4f,Up About an hour
AIR-036,236,erv300_r_236,deb64a337b0b,Up About an hour
AIR-037,237,erv300_r_237,83f76cdaf02f,Up About an hour
AIR-038,238,erv300_r_238,3d803dddfc04,Up About an hour
AIR-039,239,erv300_r_239,eaf0c5ea8364,Up About an hour
AIR-040,240,erv300_r_240,d75922959b88,Up About an hour
AIR-041,241,erv300_r_241,96e8f9e5f512,Up About an hour
AIR-042,242,erv300_r_242,559d356f61fd,Up About an hour
AIR-043,243,erv300_r_243,8eab47335674,Up About an hour
AIR-044,244,erv300_r_244,e769a8690015,Up About an hour
AIR-045,245,erv300_r_245,2caf6b81871c,Up About an hour
AIR-046,246,erv300_r_246,7328568c75e9,Up About an hour
AIR-047,247,erv300_r_247,63dad2918f18,Up About an hour
AIR-048,248,erv300_r_248,416db9493334,Up About an hour
AIR-049,249,erv300_r_249,fa31bf7ae42f,Up About an hour
AIR-050,250,erv300_r_250,40be869dfc26,Up About an hour
SHIP-001,251,erv300_r_251,4ac6c41ae7b7,Up About an hour
SHIP-002,252,erv300_r_252,fdaced1747d2,Up About an hour
SHIP-003,253,erv300_r_253,3d9a09f2d5b7,Up About an hour
SHIP-004,254,erv300_r_254,42f40439e663,Up About an hour
SHIP-005,255,erv300_r_255,b0ec72082cb5,Up About an hour
SHIP-006,256,erv300_r_256,3bf49f71506e,Up About an hour
SHIP-007,257,erv300_r_257,0700f3fb641c,Up About an hour
SHIP-008,258,erv300_r_258,d4fee9d621b6,Up About an hour
SHIP-009,259,erv300_r_259,330602485fc3,Up About an hour
SHIP-010,260,erv300_r_260,258ba58a4957,Up About an hour
SHIP-011,261,erv300_r_261,60d306449a0b,Up About an hour
SHIP-012,262,erv300_r_262,24a1566f1cc2,Up About an hour
SHIP-013,263,erv300_r_263,eee41244ddf4,Up About an hour
SHIP-014,264,erv300_r_264,35ad711cf5c5,Up About an hour
SHIP-015,265,erv300_r_265,06564c15ab03,Up About an hour
SHIP-016,266,erv300_r_266,873aa801c0a0,Up About an hour
SHIP-017,267,erv300_r_267,1778751aea10,Up About an hour
SHIP-018,268,erv300_r_268,7a0b774310f3,Up About an hour
SHIP-019,269,erv300_r_269,3fd23a7ccc7d,Up About an hour
SHIP-020,270,erv300_r_270,657504e0700d,Up About an hour
SHIP-021,271,erv300_r_271,0dcb0b4626b1,Up About an hour
SHIP-022,272,erv300_r_272,96a221371507,Up About an hour
SHIP-023,273,erv300_r_273,650e65a1df58,Up About an hour
SHIP-024,274,erv300_r_274,980bb2a8cc20,Up About an hour
SHIP-025,275,erv300_r_275,c93a30258052,Up About an hour
SHIP-026,276,erv300_r_276,ba5f1ddc1b26,Up About an hour
SHIP-027,277,erv300_r_277,ce7af389dd72,Up About an hour
SHIP-028,278,erv300_r_278,527b5804cb5c,Up About an hour
SHIP-029,279,erv300_r_279,332d7a09ed45,Up About an hour
SHIP-030,280,erv300_r_280,0bb97330b192,Up About an hour
SHIP-031,281,erv300_r_281,c58e87e915c4,Up About an hour
SHIP-032,282,erv300_r_282,0bb8b650da65,Up About an hour
SHIP-033,283,erv300_r_283,10bb0c4c9354,Up About an hour
SHIP-034,284,erv300_r_284,25e51da7d1bf,Up About an hour
SHIP-035,285,erv300_r_285,266cdf73250d,Up About an hour
SHIP-036,286,erv300_r_286,19265b69b275,Up About an hour
SHIP-037,287,erv300_r_287,74d810e37d4e,Up About an hour
SHIP-038,288,erv300_r_288,4035ebc79977,Up About an hour
SHIP-039,289,erv300_r_289,97f408764d3e,Up About an hour
SHIP-040,290,erv300_r_290,f1149c683fc1,Up About an hour
SHIP-041,291,erv300_r_291,6af1c6911740,Up About an hour
SHIP-042,292,erv300_r_292,2709f3ab5375,Up About an hour
SHIP-043,293,erv300_r_293,adff0ce44d74,Up About an hour
SHIP-044,294,erv300_r_294,5f65d5ae9fac,Up About an hour
SHIP-045,295,erv300_r_295,3f595fc04804,Up About an hour
SHIP-046,296,erv300_r_296,b00c3349faaa,Up About an hour
SHIP-047,297,erv300_r_297,14e30c874d9a,Up About an hour
SHIP-048,298,erv300_r_298,3d0507119c11,Up About an hour
SHIP-049,299,erv300_r_299,8647edee62d0,Up About an hour
SHIP-050,300,erv300_r_300,c6030bf1f2f1,Up About an hour
